Company,24/7 IT Monitoring,24/7 IT Support,Access Control,Adversary Simulation,Breach Investigations,Cloud & Infrastructure Solutions,Cloud Hosting,Cloud Infrastructure Solutions,Cloud Integration,Cloud Services,Cloud Tokenization,Compliance,Compliance Consulting,Continuous Threat Monitoring,Credit Monitoring,Cyber Defense,Cyber Risk Advisory,Cyber Risk Assessments,Cyber R&D,Cyber Strategy,Cybersecurity & Compliance Services,Cybersecurity (malware removal, endpoint protection),Cybersecurity Advisory,Cybersecurity Assessments,Cybersecurity Governance,Cybersecurity Integration,Cybersecurity Protection,Cybersecurity Services,Cybersecurity Solutions,Cybersecurity Strategy,Cybersecurity Consulting,CMMC Certification Readiness,Data Backup Solutions,Data Protection & Privacy Compliance,Data Security,Defense Cyber Operations,Digital Forensics,Digital Security Solutions,Digital Security Transformation,Digital Transformation Security,Engineering & Development Services,Enterprise Phone Systems,Extended Detection & Response (XDR),HIPAA Compliance,Identity Theft Protection,Incident Resolution,Incident Response,Infrastructure Upgrades,Intrusion Detection,IT Audit,IT Audit & Compliance,IT Consulting,IT Infrastructure Protection,IT Risk Management,IT Strategy,IT Support,Managed Detection & Response,Managed IT & Cybersecurity Services,Managed IT Services,Managed IT Support,Managed Security Services,Network & Data Security,Network Architecture,Network Design,Network Design & Management,Network Management,Network Monitoring,Network Security,Penetration Testing,Penetration Testing Coordination,Physical Security,Physical Security Integration,Proactive IT Management,Ransomware & Phishing Protection,Red Team Assessments,Risk & Compliance Consulting,Risk Assessments,Risk Management,Secure Data Desensitization,Secure System Design,Secure Systems Integration,SOC Services,SOX Compliance,Strategic IT Planning,Threat Detection & Response,Threat Intelligence,Unified Communications,Virtual CISO Services,Vulnerability Analysis,Vulnerability Management,WAN Deployment,Video Surveillance,Dark Web Monitoring
Alias Infosec,,,,,,,,,,,,,✓,,,,,,,,,,,,,,,,,,,,,,,,,,,,,,,,,,,,,,,,,,,,✓,✓,✓,✓,,,,,,,,,,,,,,,,,,,,,,,,,,,,,,,,,,,,,,
SageNet,,✓,,,,,,,,✓,,,,,,,,,,,,,,,,,,,,,,,,,,,,,,,,,,,,,,,,,,,,,,,,,,,✓,✓,✓,,,,,,,,,,,,,,,,,,,,,,,,,,,
True Digital Security,,,,,,,,,,,,,✓,,,,,,,,,,,,,,,,,,,,,,,,,,,,,,,,,,✓,,,,✓,,✓,,,,,,,,,,,,,,,,,,,,,,,,,,,,
Stinnett & Associates,,,,,,,,,,,,,,,,,,,,✓,✓,,✓,,,,,,,,,,,,,,,,,,,,,,,,,,,,,,,,,,,,,,,,,,,,,,,,✓,,
Aegis Security & Technology,,,,,✓,,,,,,,,,,,,,,,✓,,,✓,,,,✓,,,,,,,,,,,,,,,,,,,,,,,,,,,,,,,,✓,,,,,,,,,,,,,,
ArcLight Group,,✓,,,,,,,✓,✓,,,,,,,,,,,,,,,,,,,,,,,✓,,,,,,,,,,,,,,,,,,,,,,,,,,,,,,✓,,,,,,,,,,,,,,,,
Blue Tier Technology,,,,,,,,,,,,,,,,,,,,,,,,,✓,✓,,,,,,✓,,,,,,,,,,,,,,,,,,,,,,,,,,,,,,,,,,,,✓,,,,,,
NSN Management,,,,,,,,,✓,,,,,,,,,,,,,,,,,,,✓,,,,,,,,,,,,,,,,,,,,,,,,,,,,,,,,,,,,,,,,,,,,,,,
TokenEx,,,,,,,,,,,,,,✓,,,✓,,,,,,,,,,,,,,,,,,,,,,,,,,,,,,,,,,,,,,,,,,,,,,,,,,,,,,,,,
IDShield,,,,,,,,,,,,,,,,,,,✓,✓,,✓,✓,,,,,,,,,,,,,,,,,,,,,,,,,,,,,,,,,,,,,,,,,,,,,,,,,,,,
Agio,,✓,,,,,,✓,,,✓,,,,,,,,,,,,,,,,,,,,,,,,,,,,,,,,,,,,,,✓,,✓,,,,,,,,,,,,,,,,,,,,,
Novacoast,,,,,,,,,,,,,,,,,,,,✓,,,,,,,,,,,,,,,,✓,,,,,,,,✓,,,,,,,,,,,,,,,,,,,,,,,,,,,,,,,,
TriCorps Security,,,,,✓,,,,,,,,,,,✓,,,,,,,,✓,,,,,,,,,,,,,,,,,,,,,,,,,,,,,,,,,,,,,,,,,✓,,
Orion Security Solutions,,,,,,,,,,,,,,,,,,,,,,,,,,,,,,,,,,,,,,,✓,✓,✓,✓,,,,,,,,,,,,,,,,,,,,,,,,,,
Critical Fault, LLC,,,,,,,,,,,,,,,✓,,,,,,,,,,,,,,,,,,,,,,,,,,,,✓,✓,✓,✓,,,,,,,,,,,,,,,,,,,,,,,,,
Chickasaw Telecom,,,,,,,,,,,,,,,,,,,,,,,,,,,✓,✓,,✓,,,,,,,,,,,,,,,,,,,,,,,,,,,,✓,,,,,,,,,
Go Security Pro,,,,,,,,,,,,,,,✓,,,,,,,,,,,,,,,,,,,,,,,,,,✓,,,,,,,,✓,,,,,,,,,,✓,,,,,,,,,,,,,
YourIT, Inc.,,,✓,,,,,,,,,,,,,,,,,,,,,,,,,,,,,,✓,,,✓,,✓,,✓,,,,,,,,,,,,,,,,,,,,,,,,,,,,,,✓,,,
Emsco Solutions,,✓,,,,,,,✓,,✓,,,,,,,,,,,,,,,,,,,,,,,,,,,,,,,,,✓,,,,✓,,,,,,,,,,,,,,,,,,,,,,
Aftech Services,,✓,,,,,,,,,,✓,,,,,,,,,,,,,,,,,,,,,,,,,,,,,,✓,,,,,,,,,,✓,,,,,,,,,,,,,,✓,,,,,
Forward IT,,,,,,,,,,,,,,,,,,,,,,,,,,,,,,,,,,,,,,,,,,✓,,✓,,✓,,✓,,,,,,,,,,,,,,,,,,,,,,
LMRoss, Inc.,,,✓,,,,,,✓,,,,,,,,,,,,,,,,,,,✓,,,,,,,,,,,,,,,,,,,,,,,,,,,,,,,,,,,,,,,,,
GO Consulting Services,,,,,,,,,,,✓,,,,,,,,,,,✓,,,✓,,,,,,,,,,,,,,,,,,,,,,✓,,,,,,,,,,,,,,,,,,,
Dolce Vita IT Solutions (DVITS),✓,,,,,,✓,,,,,,,,,,,,✓,,,,,,,,,,,,,,,,,,,,,,,,,,,,,,,,,,✓,,,✓,,,,,,,
Accenture,,,,,,,,,,,,,,,,,,✓,,,,,,,,,,,,,,,,,,,,,,,,,,,,,,,,,,,,,,,,,,,,,,✓,✓,,,,
Deloitte,,,,,,,,,,,,,,,,,,,,,,,,✓,✓,,,,,,,,,,,,,,,,,,,,,,,,,,,,,,,,,,,,,,,,,,,,,
PwC (PricewaterhouseCoopers),,,,,,,,,,,,,,,,,,,,,,,,,,,,,,,,,,,,,,,,,,,,,,,✓,,,,,,✓,,,✓,,,,
EY (Ernst & Young),,,,,,,,,,,,,,,,,,,,,,,,,,,,,,,,,,,,,,,,,,,✓,,,,✓,,✓,,,✓,,,,,,,
SAIC,,,,,,,,,,,,,,,,,,,,,,,,,,,,,,,,,,,,,,,✓,,✓,,✓,,,,✓,,,,,,,,,,,,,,,,,,,,,,
Northrop Grumman,,,,,,,,,,,,,,,,,,,,,,,,,,,,,,,,,,,,,,,,,,,,,,,,,,✓,,✓,,✓,,✓,,,
Booz Allen Hamilton,,,,,,,,,,,,,,,,,,,,,,,,,,,,,,,,,,,,,,,,,,,,,,✓,,✓,,,,,✓,,,✓,,
Red Threat Security,,,,,,,,,,,,,,,,,,,,,,,,,,,,,,,,,,,,,,,,,,,,,,,✓,,✓,,✓,,✓,,,
